{"cameraMode":{"drawMode":0,"name":"Shaded","section":"Shading Mode"},"sceneLighting":false,"audioPlay":false,"sceneViewState":{"m_AlwaysRefresh":false,"showFog":false,"showSkybox":false,"showFlares":false,"showImageEffects":false,"showParticleSystems":false,"showVisualEffectGraphs":true,"m_FxEnabled":true},"in2DMode":false,"pivot":{"x":0.4182707667350769,"y":0.49908876419067385,"z":-1.4007830619812012},"rotation":{"x":-0.013471551239490509,"y":-0.9813626408576965,"z":0.17644792795181275,"w":-0.07492870092391968},"size":2.167046070098877,"orthographic":false}